Day,High Tide Timing,High Tide Height,Low Tide Timing,Low Tide Height,High Tide Timing,High Tide Height,Low Tide Timing,Low Tide Height,High Tide Timing,High Tide Height,Phase,Sunrise,Sunset,Moonrise,Moonset
Sat 01,,,4:14 AM,0.82,10:57 AM,4.09,4:47 PM,1.72,10:34 PM,3.8,,6:00 AM IST,7:12 PM IST,4:23 AM IST,5:19 PM IST
Sun 02,,,4:48 AM,0.59,11:34 AM,4.37,5:27 PM,1.63,11:12 PM,3.88,,6:00 AM IST,7:12 PM IST,5:05 AM IST,6:15 PM IST
Mon 03,,,5:23 AM,0.4,12:11 PM,4.58,6:07 PM,1.56,11:51 PM,3.93,New Moon,6:00 AM IST,7:12 PM IST,5:52 AM IST,7:14 PM IST
Tue 04,,,5:59 AM,0.27,12:49 PM,4.72,6:48 PM,1.52,,,,6:00 AM IST,7:13 PM IST,6:43 AM IST,8:14 PM IST
Wed 05,12:31 AM,3.94,6:38 AM,0.24,1:30 PM,4.78,7:31 PM,1.52,,,,6:00 AM IST,7:13 PM IST,7:39 AM IST,9:14 PM IST
Thu 06,1:14 AM,3.9,7:19 AM,0.31,2:12 PM,4.74,8:19 PM,1.54,,,,6:00 AM IST,7:13 PM IST,8:38 AM IST,10:12 PM IST
Fri 07,2:00 AM,3.79,8:04 AM,0.49,2:58 PM,4.63,9:14 PM,1.57,,,,6:00 AM IST,7:14 PM IST,9:41 AM IST,11:07 PM IST
Sat 08,2:52 AM,3.64,8:55 AM,0.76,3:47 PM,4.46,10:17 PM,1.57,,,,6:00 AM IST,7:14 PM IST,10:43 AM IST,11:57 PM IST
Sun 09,3:52 AM,3.46,9:55 AM,1.1,4:41 PM,4.26,11:26 PM,1.51,,,,6:00 AM IST,7:14 PM IST,11:44 AM IST,
Mon 10,5:04 AM,3.33,11:09 AM,1.43,5:41 PM,4.07,,,,,First Quarter,6:00 AM IST,7:15 PM IST,12:44 PM IST,12:44 AM IST
Tue 11,,,12:37 AM,1.36,6:31 AM,3.32,12:32 PM,1.67,6:48 PM,3.93,,6:00 AM IST,7:15 PM IST,1:42 PM IST,1:28 AM IST
Wed 12,,,1:42 AM,1.14,7:59 AM,3.49,1:52 PM,1.79,7:54 PM,3.87,,6:00 AM IST,7:15 PM IST,2:39 PM IST,2:10 AM IST
Thu 13,,,2:39 AM,0.91,9:12 AM,3.78,3:03 PM,1.8,8:54 PM,3.86,,6:00 AM IST,7:16 PM IST,3:36 PM IST,2:51 AM IST
Fri 14,,,3:29 AM,0.69,10:09 AM,4.07,4:04 PM,1.76,9:47 PM,3.87,,6:01 AM IST,7:16 PM IST,4:33 PM IST,3:33 AM IST
Sat 15,,,4:14 AM,0.53,10:57 AM,4.31,4:57 PM,1.7,10:34 PM,3.87,,6:01 AM IST,7:16 PM IST,5:30 PM IST,4:17 AM IST
Sun 16,,,4:56 AM,0.44,11:39 AM,4.47,5:43 PM,1.66,11:17 PM,3.85,,6:01 AM IST,7:17 PM IST,6:27 PM IST,5:03 AM IST
Mon 17,,,5:33 AM,0.41,12:18 PM,4.56,6:25 PM,1.64,11:57 PM,3.81,Full Moon,6:01 AM IST,7:17 PM IST,7:22 PM IST,5:51 AM IST
Tue 18,,,6:09 AM,0.45,12:55 PM,4.57,7:04 PM,1.64,,,,6:01 AM IST,7:17 PM IST,8:16 PM IST,6:42 AM IST
Wed 19,12:35 AM,3.73,6:43 AM,0.54,1:31 PM,4.53,7:42 PM,1.67,,,,6:01 AM IST,7:17 PM IST,9:07 PM IST,7:34 AM IST
Thu 20,1:13 AM,3.63,7:16 AM,0.68,2:06 PM,4.44,8:21 PM,1.71,,,,6:02 AM IST,7:18 PM IST,9:54 PM IST,8:27 AM IST
Fri 21,1:50 AM,3.5,7:50 AM,0.86,2:42 PM,4.31,9:01 PM,1.75,,,,6:02 AM IST,7:18 PM IST,10:37 PM IST,9:19 AM IST
Sat 22,2:29 AM,3.36,8:25 AM,1.08,3:17 PM,4.15,9:44 PM,1.78,,,,6:02 AM IST,7:18 PM IST,11:17 PM IST,10:10 AM IST
Sun 23,3:11 AM,3.21,9:03 AM,1.32,3:55 PM,3.99,10:33 PM,1.78,,,,6:02 AM IST,7:18 PM IST,11:54 PM IST,11:00 AM IST
Mon 24,4:00 AM,3.08,9:48 AM,1.58,4:35 PM,3.82,11:25 PM,1.74,,,,6:02 AM IST,7:18 PM IST,,11:48 AM IST
Tue 25,4:59 AM,2.99,10:44 AM,1.84,5:19 PM,3.66,,,,,Last Quarter,6:03 AM IST,7:19 PM IST,12:30 AM IST,12:36 PM IST
Wed 26,,,12:20 AM,1.65,6:13 AM,2.99,11:56 AM,2.04,6:10 PM,3.54,,6:03 AM IST,7:19 PM IST,1:05 AM IST,1:25 PM IST
Thu 27,,,1:14 AM,1.49,7:36 AM,3.12,1:12 PM,2.14,7:08 PM,3.47,,6:03 AM IST,7:19 PM IST,1:41 AM IST,2:15 PM IST
Fri 28,,,2:03 AM,1.29,8:47 AM,3.38,2:22 PM,2.14,8:07 PM,3.47,,6:03 AM IST,7:19 PM IST,2:18 AM IST,3:06 PM IST
Sat 29,,,2:49 AM,1.04,9:42 AM,3.7,3:23 PM,2.05,9:04 PM,3.53,,6:04 AM IST,7:19 PM IST,2:58 AM IST,4:01 PM IST
Sun 30,,,3:32 AM,0.79,10:28 AM,4.02,4:16 PM,1.92,9:55 PM,3.64,,6:04 AM IST,7:19 PM IST,3:42 AM IST,4:58 PM IST